SEQUENCE,Î¼M,label
GWLPTFGKILRKAMQLGPKLIQPI,128.0,0
GIMSSLMKKLKAHIAK,400.0,0
GFKDLLKGAAKALVKTVLK,800.0,0
INWSKIFEKVKNLV,101.0,0
KRLFKKLKFSLRKY,20.1,1
GIGKFLHTLKTFGKKWVGEIMNS,35.0,1
VNWKKVLGKIIKVAK,200.0,0
FIHHIIGGLFSAGKAIHRLIRRRRR,19.0,1
YKAWRWAWRWK,330.3,0
ILCWKWCWWPWRR,36.4,1
YKLLKLLLPKLKGLLFKL,11.1,1
GLLSGILGAGKHIVCGLSGLC,295.0,0
RFCVYAYVRVRGVLVRYRRCF,60.5,1
VSWKKSLGKIIKVVK,30.0,1
LKLKLKLKLK,204.8,0
FAKLLAKLAKKL,164.4,0
FLPVIAGLAAKVLPKLFCAITKKC,5.0,1
SMLSVLKNLGKVGLGFVKCKINKQC,120.0,0
RGLRRLGKKIAHGVKKYGPTVLRIIRIAG,60.5,1
KFAKKFAKKFAKKFAKKFAKKFAK,87.4,1
LKIPGFVRDTLKKVAKEIFSAVTGAVTQS,256.0,0
GVIKAAKKVVKVLKNLF,136.2,0
SAVGRHLRRFLLRKHRKH,452.37,0
ILGKLLSTAAGLLSKL,50.0,1
GIMSLFKGVLKTAGKHVAGSLVDQLKCKITGGC,100.0,1
INLKILARLAKKIL,124.6,0
IKKILSKIKKLLK,500.0,0
KKKKKKKKKGGGLLALLALLA,25.0,1
IILLLLKKFWKKW,25.0,1
FAKKLAKKAKLAKKL,584.4,0
GLMDTVKNAAKNLAGQLLDRLKCKITGC,135.0,0
FLPLVTMLLGKLF,30.0,1
WWPWRR,197.6,0
RRWLWRLRWLWR,17.8,1
LKKLLKKLLKKLLKKLLKKL,3.7,1
DHYICAKKGGTCNFSPCPLFNRIEGTCYSGKAKCCIR,31.4,1
WRRRRRRRR,128.0,0
CGKKWGWWKCKL,548.4,0
NVWKKILGKIIKVVK,200.0,0
GLGSVLGKALKIGANLL,150.0,0
RLYRRLYRRLYRRLYR,338.0,0
RIRFPWPWRWPWWPRFRG,150.0,0
KLIHRLKTVFKKVWHFLGHL,40.7,1
IILLLLKKFLKKW,12.5,1
GLFDVIKKLLKKIKGL,6.0,1
GYCFTACYRRNGVRICYRRCN,40.0,1
FAKLLAKFLKKAL,659.6,0
GLLSRIKTLL,500.0,0
RFARRFARRFARRFARRFARRFAR,55.0,1
GEFLKCGESCVQGECYTPGCSCDWPICKKN,101.0,0
NIWKKIFEKVKNLV,101.0,0
GWRKWIKKATHVGKHIGKAALDAYI,89.1,1
MPKEKVFLKIEKMGRNIRN,424.1,0
GEILCNLCTGLINTLENLLTTKRKRQQ,10.0,1
FPLTCPTKWWKG,335.8,0
LRLRLRLRLRLRLRLRLR,205.0,0
KIAKGALKALKIAKGALKAL,99.0,1
FLQKIIGALGKLF,66.0,1
LKKLLKKL,1000.0,0
GKMKEYFKKFGASFKRRFANLKKRL,36.0,1
RIRIRWIIR,191.3,0
GKWSKILGHLIR,200.0,0
GLPALILWIKRKRQQ,336.0,0
KRLFKELKFSLRKY,34.1,1
GLLSVFKGVLKTAGKNVAKNVAGSLLDQLKCKISGGC,73.0,1
SLFGTFAKMALKGASKLIPHLLPSRQQ,64.0,1
KKAKKKAKKKAKKKAKKKAKKKAKKKAK,156.1,0
ILPIIGKILSTIFGK,24.0,1
MPKWKVFKKIEKVGRNIRNGIVKAGPAIAVLGEAKALG,244.8,0
RFLKHLHTYYERAWHVIGHL,200.0,0
FAKKLAKLAKKLAKLAL,210.5,0
FLQHIIGALTHIF,100.0,1
GIWSSLLKKLKKIIAK,165.0,0
GLMSVTKGVLKTAGKHIFKNVGGSLLDQAKCKISGQC,125.0,0
GLPVCGETCFGGTCNTPGCICDPWPVCTRN,6.6,1
FLQGIWDTVGKWL,37.3,1
KWKLFKKIGAVLKVL,18.7,1
KFFKKFFKKFFKKFFKKFFKKFFKKFFK,3.1,1
KQKLAKLKAKLQKLKQKLAKL,600.0,0
KWKKLLKKLLPLLKKLLK,50.0,1
WWWLRRRW,150.0,0
IKKIIKKI,1000.0,0
GIGAVLGVLTTGLPALISWIKRKRQQ,1.2,1
GIMSSLMKKLAKIIKK,400.0,0
FLSTLLNVASNVVPTLICKITKKC,19.0,1
LLKKLLKKLLKK,335.3,0
KKFPWWWPFKK,200.0,0
FLKGIVGMLGKLL,45.0,1
SLLSLIRKLIT,1000.0,0
GLWNSIKIAGKKLFVNVLDKIR,254.11,0
KNWKKILKKIIKVVK,200.0,0
PFKIDIHLGGY,50.4,1
FLPVIAGAANFLPKLFCAISKKC,14.0,1
NLLNKALGTVNGLLGRS,256.0,0
HFLLTLVKLAKKIL,38.0,1
AIPCGESCVWIPCISTVIGCSCSNKVCYR,25.5,1
RWGRWLRKIRRWRPKC,14.1,1
GLFDVIKKVASVIGGL,19.8,1
WWWRRRIW,200.0,0
GAFGDLLKGVAKEAGMKLLNMAQCKLSGKC,520.0,0
GIWKKWIKKWLKVLKNLF,23.5,1
FIHHIIGGLFSVGKHIHSLIHRRRR,6.3,1
HFLGTLVNLAKKKL,500.0,0
FFRNLWKGAKAAFRAGHAAWRA,34.6,1
RFARRFARRFARRFARRFARRFARRFAR,5.4,1
FLPLIASVAANLVPKIFCKITKKC,75.0,1
RFGRFLRKIRRFRPK,48.1,1
LLGDEFRKSKEKIGKEFKRIVQRIKDFLRNLVPRTES,43.5,1
RGGRLCYCRRRFCICV,40.8,1
GLNALKKVFQGIHKAIKLINNHVQ,240.0,0
KIFKKFKTIIKKVWRIFGRF,15.9,1
GSKRWRKFEKRVKKIFEETKEALPVIQGVATIVGAVGR,74.5,1
RWCFRVCYRGICYRKCRG,64.2,1
GGLRSLGRKILRAWKKYGPIIVPIIRIG,19.2,1
FIFHIIKGLFHAGKMI,210.6,0
FWSTLLSIGKSLL,10.3,1
GWYEIIKKIYKWLK,5.1,1
NLLGSLLKTGLKVGSNLL,256.0,0
VKKFAWWWPFLKK,65.0,1
GFGKALKLLKKVL,800.0,0
GLLSALKALGKAL,50.0,1
FLPFLKSILGKIL,50.0,1
AKKVFKRLPKLFSKIWNWK,800.0,0
LPKVMAHMK,101.0,0
VNWKKILPKIIKVVK,200.0,0
GMWSKILGHLIK,132.0,0
INWLRLGRRILGAL,25.0,1
GWRTLLKKAEVKTVGKLALKHYL,95.6,1
GKWKKILGKLIR,200.0,0
FLPIVTNLLSGLL,116.0,0
FLGSLFSIGSKLLPGVIKLFQRKKQ,28.0,1
CAKAKAKAGSGAKAKAKAC,1000.0,0
FAKKFAKKFAKKFAKKFAKKFAKK,174.7,0
FLAGLIGGLAKMLGK,40.0,1
WRRRYRRWRRRRRWRRRPRR,200.0,0
GAGALAKFLAKKVAKTVAKQAAKQGAKYVVNKQME,40.0,1
GFGSLFKFLAKKVAKTVAKQAAKQGAKYVANKHME,14.5,1
SLSRFLSFLKIVYPPAF,99.5,1
CVKVQVKVGSGVKVQVKVC,1000.0,0
LCYCRRRFCVCV,52.7,1
ALWKTMLKKLGTMA,101.0,0
WLRRIKAWLRRIKA,256.0,0
ISQSDAILSAIWSGIKSLF,129.0,0
KRIRKRIKKWKR,800.0,0
GMWSKILKHLIR,45.0,1
KWCFRVCSRGSCYRRCRG,64.0,1
IKLSKETKDNLKKVLKGAIKGAIAVAKMV,203.9,0
KWKLWKKIEKWGQGIGAVLKWLTTWL,93.1,1
GFRDVLKGAAKAFVKTVAGHIAN,200.0,0
ILKWKWKWWKWRR,395.1,0
FKIKASKVLDKFGKIVGKVLKQLKKVSAVAKV,12.7,1
GVFLDALKKFAKGGMNAVLNPK,150.0,0
ILKWKWKWWPWRR,280.8,0
GKLGPLLKIAAKVGSKLL,800.0,0
FLKWALKWAAK,64.03,1
GLLDTLKGAAKNVVGSLASKVMEKL,400.0,0
FFGWLIRGAIHAGKAIHGLIHRRRH,1.0,1
QLLKKVRTWYRKAWHLYGKV,200.0,0
GLLSLLSLLGKLA,3.0,1
GEFAQFEQEAQSLEQELSQLEQQLESL,250.0,0
GECIWDAIFHGAKHFLHRLVNP,19.3,1
FPVTWKWWKWWKG,500.0,0
FAKGIAGMAGKLF,200.0,0
GFISTVKNLATNVAGTVIDTIKCKVTGGC,300.0,0
ALWKDLLKNVGIAAGKAALNKVTDMVNQ,436.7,0
RFRRLRKKIRKRLKKI,256.0,0
FWGFLGKLAMKAVPSLIGGNKK,103.8,0
FKRIVQRIKDFLR,256.0,0
GIKEFAHSLGKFGKAFVGGILNQ,200.0,0
ILLKKLLKKI,809.7,0
VNWKKILG,200.0,0
GKWMSLLKQILK,110.0,0
RRWQWR,101.0,0
KRIVQRIKKWLR,800.0,0
FLPAVLKVAAHILPTAICAISRRC,200.0,0
GRFKRFRKKLKRLWHKVGPFVGPILHY,100.0,1
FLPKWALKWAAK,328.3,0
CKGKGAKCSRLMYDCCTGSCRSGKC,1000.0,0
LRWLRWG,150.0,0
FFFIRRIARLLRRIF,5.6,1
DSHAKRHHGYKRKFHEKHHSHRGY,49.1,1
IKIPPIVKDTLKKVAKGVLSTVADALSKS,512.0,0
DAACAAKCLWR,162.2,0
IDWKKIFEKVKDLV,101.0,0
FFPLIFGALSSILPKIL,31.0,1
QVFKKFRPFYRRPWELFGKL,200.0,0
NFLDTLINLAKKFI,80.0,1
WWWLRRIR,200.0,0
FLPKLLAGLPSFLCLVFKKC,31.0,1
GKGALKKFLAKKVAKTVAKQAAKQGAKYVVNKQME,40.0,1
LLKKLLKLLLKL,9.3,1
LNWKAILKHIIK,110.0,0
GLNALKKVFQGIHEAIKLINNHVQ,360.0,0
VRRFPWAAPFLRR,65.0,1
FFPGIIKVAGAILPTAICAITKRC,100.0,1
SILPTIVSFLSKVF,12.5,1
ILKKLLSTAAGLLSNL,105.0,0
ASVVKKLWKGVWKLLK,128.0,0
FWGALAKGALKLIGSLFSSFSKKD,1.4,1
QIIKKIRTWYRKAWHVLGKV,200.0,0
IKKIWSKIKKWWK,500.0,0
ITKQITKQLNRQTKIQSK,250.0,0
GIFPIFAKLLGKVIKVASSLISKGRTE,6.2,1
GFMKYIGPLIPHAVKAISDLI,65.0,1
GIPCAESCVWIPCTVTALVGCSCSDKVCYN,8.7,1
ILPWKWEWWPWRR,11.0,1
LLRRLLRR,446.0,0
GKWSKILGKLIR,200.0,0
GKWMTLLKHILK,86.0,1
RNFFKRIRRAGKRIRKAIISAAPAVETLAQAQKIIKGGD,735.4,0
GFGTILKALAKIAGKVVKKLATKPGATYMLKENLK,2.6,1
SWLSKTAKKLENSAKKRISEGIAIAQGPR,31.6,1
GIWDTIKSMGKVFAGAILQNL,20.0,1
WKKWWKKWWKKW,483.0,0
GDACGETCFTGICFTAGCSCNPWPTCTRN,51.9,1
LNWGAFLKHFFK,81.0,1
ASVVNKLTGGVAGLLK,128.0,0
GFCRCLCRRGVCRCLCTK,1000.0,0
FAKLLALALKLKL,238.6,0
KMWSKILGHLIR,200.0,0
RFRRLRKKKRKRLKKI,256.0,0
AKKFAKKFAKKFAKKFAKKFAKKF,13.6,1
GLPICGETCVGGTCNTPGCFCTWPVCTRN,11.53,1
GKLLSLLSLLGLL,20.0,1
FLSALWGVAKSLF,30.7,1
SYERKINRHFKTLKKNLKKK ,249.4,0
GLLKRIKSLL,500.0,0
RLYRKVYGRLYRKVYGK,1000.0,0
GLLKWIKKLL,11.58,1
RRWQWRLCYCRRRFCVCVG,100.6,0
WCPPMIPLCSRF,500.0,0
GLLSLLSLLGKAL,4.0,1
GLFGKLIKKFLRKAISYAVKKARGKH,3.0,1
NFLGTLVNLAKKIL,64.0,1
GFKKLLKGAAKALVKTVLF,24.0,1
RGLRRLGRKIAHGVKKGGPTVLRIIRIAG,101.0,0
VYWKKILGKIIKVVK,190.0,0
GLLKRIKWLL,77.5,1
LKKLLKKLLKKLLKKLLKKLLKKL,3.8,1
YKLLKLLLPKLKPLLFKL,24.9,1
GFLSILKKVLKKVMAHMK,27.3,1
GIPCGESCVWIPCISAAIGCSCKSKVCYRN,11.0,1
FAKALKALLKALKAL,3.7,1
ILGKLLSWAAGLLSNL,13.0,1
FIHHIIGGLFSAGKAAHRLIRRRRR,8.5,1
LLGSLLKLLPKLL,49.2,1
CLLKKLLKK,899.3,0
GIMDSVKGLAKNLAGKLLDSLKCKITGC,200.0,0
RWWRWWR,731.9,0
GLPALISWIKRKR,639.8,0
IWLTALKFLGKNLGKHLAKQQLAKL,32.35,1
RWNGRIIKGFYNLVKIWKDLKG ,88.9,1
AGWGSIFKHIFKAGKFIHGAIQAHND,89.0,1
GLWSKIKNVAAAAGKAALGAL,106.4,0
GASCGETCFTGICFTAGCSCNPWPTCTRN,51.9,1
FLPIIAGAAAKVVQKIFCAISKKC,16.0,1
FFHHIFRGAVHVGKTIHRLVTG,2.4,1
GILSSWLKKLKKIIAK,400.0,0
KNWKAILKHIIK,200.0,0
EKRWRRLIFNYF,200.0,0
GALSLLSLLGKLL,4.0,1
FAKKLAKLAKKL,722.5,0
KKKFPWWWPFKKK,200.0,0
GMASLLAKVLPKVVKLIK,200.0,0
ASVVNKLTKGVAKLLK,128.0,0
HLIHRLHTYWHKPWHYLGKL,200.0,0
IIPLPLKKFLKKL,500.0,0
LLIILKKKWKKQAKAKSK,200.0,0
ALWMTLLKKVLKAAAKAALDAVLVGANA,1.2,1
FLGFLKNLF,122.7,0
GFFALIPKIISSPLFKTLLSAVGSALSSSGGQE,50.0,1
HIIKKIRTWYRKAWHVLGKV,200.0,0
KFAKKFAKKFAKKFAKKFAKKFAKKFAK,74.9,1
LNLKGLFKKVASLLT,353.4,0
RMMRIFWVIKLAR,32.0,1
GLWKKIKNVAAAAGKAALGAL,444.8,0
RFRRLRKKFRKRLKKI,256.0,0
GVIIDTLKGAAKTVAAELL,1000.0,0
GIGKFIHSAKKFGKLFVGEIMNS,260.0,0
ALWDTLLKKVLKAAAKAALNAVLVGANA,2.3,1
KLKLKLKLKLK,185.8,0
FLPIIAGIAAKFLPKIFCTISKKC,9.0,1
WKLFKKILKFL,32.0,1
GLSALISWIKRKRQQ,222.8,0
FLKGIKGMLGKLL,800.0,0
LKLKLKLKLKLKLK,293.3,0
FLPIVGKLLSGLF,150.0,0
GYGCPFNQYQCHSHCSGIRGYKGGYCKGTFKQTCKCY,24.0,1
QIWHKIRKLWQIIKDGF,22.8,1
RGGRLCYCRRRFCVCV,41.1,1
RGWRRWGRKWAHGWKKYG,400.0,0
VSRRRRRRGGRRRR,37.2,1
TIAMRAINNYRWRSKNQNTFLR,18.7,1
RPFTRAQIFAIQHISPRTIAMRAINNYRWR,150.0,0
KITLKLAIKAWKLALKAA,10.0,1
FFGHLFRGIINVGKHIHGLLSG,50.0,1
GLKLLLSLGLKLL,300.0,0
GFSSIFRGVAKFASKGLGKDLAKLGVDLVACKISKQC,150.0,0
MPLSWFFPRTWGKR,272.5,0
IKKIVSKIKKLL,352.0,0
YRMWRWRWRWR,284.3,0
ALFKTMLKKLGTMAL,101.0,0
KKRLKKIFKKPMVIGVTIPF,200.0,0
INWKKIASIGKEVLKA,101.0,0
VKRFKKFFRKLKKSV,165.2,0
FLSIIAKVLGSLF,30.0,1
FPVTFRFFKFFKG,295.3,0
RVKRVWPLVIRTVIAGYNLYRAIKKK,6.0,1
GKWWSLLKHILK,33.0,1
FLRSLLRGAKAIYRGARAGWRG,22.8,1
GLLKKIKTLL,1000.0,0
ALWKTMLKKLGTMAL,101.0,0
TKPKGTKPKGTKPKGTKPKG,300.0,0
LLKALKKLLKKLL,30.0,1
NWKKIASIGKEVLKAL,101.0,0
GLLSLLSLLGKLL,10.3,1
WKRWVQRWKRWLR,167.5,0
KIKIPWGKVKDFLVGGMKAV,321.4,0
GIMSSLMKKLKKIIAK,400.0,0
SMLSVLKNLGKVGLGFVACKINKQC,140.0,0
LIGLVSKGTCVLVKTVCKKVLKQ,15.0,1
KFAKKFAKKFAKKFAK,130.6,0
LLGMIPVAITAISALSKL,3.3,1
GLFGKLQKKFGRKAISYAVKKARGKH,36.0,1
GLLKRIKFLL,79.9,1
RRWLWLRRWLWR,29.3,1
KWKVFKKIEKMIRNIRNKIAK,250.0,0
NKWKKILGKIIKVVK,200.0,0
TRSSRAGLQFPVGRVHRLLRK,164.5,0
GILDTIKNAAKTVAVGLLEKIKCKMTGC,150.0,0
FFPLALLCKVFKKC,300.0,0
FLGELWNVWKSVF,25.0,1
CLLKKLLKKC,823.0,0
FLPFVGNLLKGLL,150.0,0
VKKFPWWWAFLKK,65.0,1
EAQNLEKEIAALEQAIQGLEKEIPALAQQIQALEL,250.0,0
GLLKRIKVLL,263.2,0
HFLLTLKNLAKKIL,330.0,0
KIAKIAGKIAKIAGKIA,148.9,0
TLYKKFRHFLKKPWHVVGKI,200.0,0
KRIWQRIKDFLR,340.0,0
VRRFPAWAPFLRR,65.0,1
WLRRIKAWLRRKRK,256.0,0
IKKIWSKIKKWLK,500.0,0
IISTIGKLVKWIIDTV,15.0,1
GFMKYIKPLIPHAVKAIKKLI,200.0,0
FLPIIAGAAAKVVEKIFCAISKKC,13.0,1
GRFKRFRKKFKKLFKKLSPVIPLLHL,75.0,1
IKNAKVCVYAVCVSHK,128.0,0
GVLDTFKDVAIGVAKGAGTGVLKALLCKLDKSC,480.0,0
KKLIKKILKIL,299.4,0
GLGSLLGKAFKFGLKTVGKMMGGAPREQ,70.0,1
INWKKIFEKVSNLV,101.0,0
FAKKLAKKLKKLAKKLAKKWKL,42.2,1
ILPILAPLIGGLL,450.0,0
ILGIITSLLKSL,31.0,1
SKVWRHWRRFWHRAHRLH,500.0,0
CVRRFPWWWPFLRRC,3.75,1
FLRFIGSVIHGIGHLVHHIGVAL,64.0,1
ALWKKILKNAGKAALNKINQIVQ,14.98,1
YKLLKKLLKKLKKLLKKL,2.7,1
FALGAVTKVLPKLFCLITRKC,53.12,1
HFLGTLVNLAKKIL,68.9,1
VRRYPWWWPYLRR,112.3,0
GFGALFKFLAKKVAKTVAKQAAKQGAKYVVNKQME,20.5,1
GILSSFKGVAKGVAKNLAGKLLDELKCKITGC,290.0,0
GIGAVLLVLTTGLPALISWIKRKRQQ,76.7,1
GFGCPFNQGQCHKHCQSIRRRGGYCDGFLKTRCVCYR,66.85,1
VNWKKILGKSIKVSK,69.0,1
GILSSLLKKLKKIIAK,284.0,0
GWGSIFKHGRHAAKHIGHAAVNHYL,91.8,1
INWKKMAATALKMI,37.0,1
LLGMIKVAITAISALSKL,50.2,1
GLLKIIKTLL,25.5,1
SMLGVLKNLGKVGLGFVACKINKQC,200.0,0
RGLRRLGRKIAHGVKKY,101.0,0
GIIKKIIKKIIKKI,1000.0,0
FAKLLAKALKKAL,347.2,0
LKLSPKTKDTLKKVLKGAIKGAIAIASMA,161.0,0
FFHHIFRGIVHVGKTVHRLVTG,40.0,1
GLWDVIKKVASVIGGL,10.2,1
IFGAIWSGIKSLF,48.0,1
GLLKFIKTLL,65.8,1
GVIIKKLKGAAKKVAAKLL,1000.0,0
ILPIRSLIKKLL,103.4,0
GKWMSALKHILK,200.0,0
